season,round,constructorId,position,positionText,points,wins
1958,11,vanwall,1,1,48,6
1958,11,ferrari,2,2,40,2
1958,11,cooper,3,3,31,2
1958,11,brm,4,4,18,0
1958,11,maserati,5,5,6,0
1958,11,team_lotus,6,6,3,0
1958,11,porsche,,-,0,0
1958,11,connaught,,-,0,0
1959,9,cooper-climax,1,1,40,5
1959,9,ferrari,2,2,32,2
1959,9,brm,3,3,18,1
1959,9,team_lotus,4,4,5,0
1959,9,cooper-maserati,,-,0,0
1959,9,aston_martin,,-,0,0
1959,9,porsche,,-,0,0
1959,9,maserati,,-,0,0
1959,9,cooper-borgward,,-,0,0
1959,9,kurtis_kraft,,-,0,0
1959,9,cooper-osca,,-,0,0
1959,9,tec-mec,,-,0,0
1959,9,connaught,,-,0,0
1959,9,jbw,,-,0,0
1959,9,vanwall,,-,0,0
1960,10,cooper-climax,1,1,48,6
1960,10,team_lotus,2,2,34,2
1960,10,ferrari,3,3,26,1
1960,10,brm,4,4,8,0
1960,10,cooper-maserati,5,5,3,0
1960,10,cooper-castellotti,6,6,3,0
1960,10,porsche,7,7,1,0
1960,10,behra-porsche,,-,0,0
1960,10,scarab,,-,0,0
1960,10,aston_martin,,-,0,0
1960,10,maserati,,-,0,0
1960,10,jbw,,-,0,0
1960,10,vanwall,,-,0,0
1961,8,ferrari,1,1,45,5
1961,8,lotus-climax,2,2,35,3
1961,8,porsche,3,3,22,0
1961,8,cooper-climax,4,4,14,0
1961,8,brm,5,5,7,0
1961,8,cooper-maserati,,-,0,0
1961,8,gilby,,-,0,0
1961,8,lotus-maserati,,-,0,0
1961,8,ferguson,,-,0,0
1961,8,de_tomaso-alfa_romeo,,-,0,0
1961,8,de_tomaso-osca,,-,0,0
1961,8,jbw,,-,0,0
1961,8,emeryson,,-,0,0
1961,8,mbm,,-,0,0
1962,9,brm,1,1,42,4
1962,9,lotus-climax,2,2,36,3
1962,9,cooper-climax,3,3,29,1
1962,9,lola,4,4,19,0
1962,9,porsche,5,5,18,1
1962,9,ferrari,6,6,18,0
1962,9,brabham,7,7,6,0
1962,9,lotus-brm,8,8,1,0
1962,9,emeryson,,-,0,0
1962,9,enb,,-,0,0
1962,9,cooper,,-,0,0
1962,9,lds,,-,0,0
1962,9,cooper-alfa_romeo,,-,0,0
1962,9,team_lotus,,-,0,0
1962,9,gilby,,-,0,0
1962,9,de_tomaso-alfa_romeo,,-,0,0
1962,9,lotus-borgward,,-,0,0
1963,10,lotus-climax,1,1,54,7
1963,10,brm,2,2,36,2
1963,10,brabham,3,3,28,0
1963,10,ferrari,4,4,26,1
1963,10,cooper-climax,5,5,25,0
1963,10,brp,6,6,6,0
1963,10,porsche,7,7,5,0
1963,10,lotus-brm,8,8,4,0
1963,10,lola,,-,0,0
1963,10,stebro,,-,0,0
1963,10,scirocco,,-,0,0
1963,10,ats,,-,0,0
1963,10,lds,,-,0,0
1963,10,cooper-maserati,,-,0,0
1963,10,lotus-ford,,-,0,0
1963,10,alfa,,-,0,0
1963,10,gilby,,-,0,0
1963,10,tomaso,,-,0,0
1963,10,team_lotus,,-,0,0
1963,10,lotus-maserati,,-,0,0
1964,10,ferrari,1,1,45,3
1964,10,brm,2,2,42,2
1964,10,lotus-climax,3,3,37,3
1964,10,brabham-climax,4,4,30,2
1964,10,cooper-climax,5,5,16,0
1964,10,brabham-brm,6,6,7,0
1964,10,brp,7,7,5,0
1964,10,lotus-brm,8,8,3,0
1964,10,honda,,-,0,0
1964,10,scirocco,,-,0,0
1964,10,derrington,,-,0,0
1964,10,porsche,,-,0,0
1964,10,brabham-ford,,-,0,0
1965,10,lotus-climax,1,1,54,6
1965,10,brm,2,2,45,3
1965,10,brabham-climax,3,3,27,0
1965,10,ferrari,4,4,26,0
1965,10,cooper-climax,5,5,14,0
1965,10,honda,6,6,11,1
1965,10,brabham-brm,7,7,5,0
1965,10,lotus-brm,8,8,2,0
1965,10,brabham-ford,,-,0,0
1965,10,alfa,,-,0,0
1965,10,lds-alfa_romeo,,-,0,0
1965,10,re,,-,0,0
1965,10,cooper-maserati,,-,0,0
1966,9,brabham-repco,1,1,42,4
1966,9,ferrari,2,2,31,2
1966,9,cooper-maserati,3,3,30,1
1966,9,brm,4,4,22,1
1966,9,lotus-brm,5,5,13,1
1966,9,lotus-climax,6,6,8,0
1966,9,eagle-climax,7,7,4,0
1966,9,honda,8,8,3,0
1966,9,mclaren-ford,9,9,2,0
1966,9,brabham-climax,10,10,1,0
1966,9,brabham-brm,11,11,1,0
1966,9,mclaren-seren,12,12,1,0
1966,9,cooper-ferrari,,-,0,0
1966,9,eagle-weslake,,-,0,0
1966,9,shannon,,-,0,0
1967,11,brabham-repco,1,1,67,4
1967,11,lotus-ford,2,2,44,4
1967,11,cooper-maserati,3,3,28,1
1967,11,honda,4,4,20,1
1967,11,ferrari,5,5,20,0
1967,11,brm,6,6,17,0
1967,11,eagle-weslake,7,7,13,1
1967,11,lotus-brm,8,8,6,0
1967,11,cooper-climax,9,9,6,0
1967,11,mclaren-brm,10,10,3,0
1967,11,brabham-climax,11,11,2,0
1967,11,mclaren-ford,,-,0,0
1967,11,brabham-ford,,-,0,0
1967,11,lola,,-,0,0
1967,11,lds-climax,,-,0,0
1967,11,lotus-climax,,-,0,0
1967,11,eagle-climax,,-,0,0
1967,11,matra,,-,0,0
1967,11,protos,,-,0,0
1967,11,cooper-ats,,-,0,0
1968,12,lotus-ford,1,1,62,5
1968,12,mclaren-ford,2,2,49,3
1968,12,matra-ford,3,3,45,3
1968,12,ferrari,4,4,32,1
1968,12,brm,5,5,28,0
1968,12,honda,6,6,14,0
1968,12,cooper-brm,7,7,14,0
1968,12,brabham-repco,8,8,10,0
1968,12,matra,9,9,8,0
1968,12,mclaren-brm,10,10,3,0
1968,12,cooper-maserati,,-,0,0
1968,12,eagle-weslake,,-,0,0
1968,12,lola,,-,0,0
1968,12,mclaren,,-,0,0
1968,12,brabham-climax,,-,0,0
1968,12,lds,,-,0,0
1968,12,cooper-climax,,-,0,0
1969,11,matra-ford,1,1,66,6
1969,11,brabham-ford,2,2,51,2
1969,11,lotus-ford,3,3,47,2
1969,11,mclaren-ford,4,4,38,1
1969,11,brm,5,5,7,0
1969,11,ferrari,6,6,7,0
1969,11,cooper-maserati,,-,0,0
1969,11,brabham-repco,,-,0,0
1969,11,brm-ford,,-,0,0
1969,11,eagle-climax,,-,0,0
1969,11,brabham-climax,,-,0,0
1970,13,team_lotus,1,1,59,6
1970,13,ferrari,2,2,55,4
1970,13,march,3,3,48,1
1970,13,brabham,4,4,35,1
1970,13,mclaren-ford,5,5,35,0
1970,13,brm,6,6,23,1
1970,13,matra,7,7,23,0
1970,13,surtees,8,8,3,0
1970,13,mclaren-alfa_romeo,,-,0,0
1970,13,tomaso,,-,0,0
1970,13,tyrrell,,-,0,0
1970,13,bellasi,,-,0,0
1971,11,tyrrell,1,1,73,7
1971,11,brm,2,2,36,2
1971,11,march-ford,3,3,34,0
1971,11,ferrari,4,4,33,2
1971,11,lotus-ford,5,5,21,0
1971,11,mclaren,6,6,10,0
1971,11,matra,7,7,9,0
1971,11,surtees,8,8,8,0
1971,11,brabham,9,9,5,0
1971,11,lotus-pw,,-,0,0
1971,11,march-alfa_romeo,,-,0,0
1971,11,bellasi,,-,0,0
1972,12,team_lotus,1,1,61,5
1972,12,tyrrell,2,2,51,4
1972,12,mclaren,3,3,49,1
1972,12,ferrari,4,4,33,1
1972,12,surtees,5,5,18,0
1972,12,march,6,6,15,0
1972,12,brm,7,7,14,1
1972,12,matra,8,8,12,0
1972,12,brabham,9,9,7,0
1972,12,tecno,,-,0,0
1972,12,connew,,-,0,0
1972,12,politoys,,-,0,0
1973,15,team_lotus,1,1,91,7
1973,15,tyrrell,2,2,80,5
1973,15,mclaren,3,3,58,3
1973,15,brabham,4,4,22,0
1973,15,march,5,5,14,0
1973,15,ferrari,6,6,12,0
1973,15,brm,7,7,12,0
1973,15,shadow,8,8,9,0
1973,15,surtees,9,9,7,0
1973,15,iso_marlboro,10,10,2,0
1973,15,tecno,11,11,1,0
1973,15,ensign,,-,0,0
1974,15,mclaren,1,1,72,4
1974,15,ferrari,2,2,65,3
1974,15,tyrrell,3,3,51,2
1974,15,team_lotus,4,4,42,3
1974,15,brabham,5,5,35,3
1974,15,hesketh,6,6,15,0
1974,15,brm,7,7,10,0
1974,15,shadow,8,8,7,0
1974,15,march,9,9,6,0
1974,15,iso_marlboro,10,10,4,0
1974,15,surtees,11,11,3,0
1974,15,lola,12,12,1,0
1974,15,parnelli,,-,0,0
1974,15,trojan,,-,0,0
1974,15,penske,,-,0,0
1974,15,token,,-,0,0
1974,15,ensign,,-,0,0
1974,15,amon,,-,0,0
1975,14,ferrari,1,1,72.5,6
1975,14,brabham,2,2,54,2
1975,14,mclaren,3,3,53,3
1975,14,hesketh,4,4,33,1
1975,14,tyrrell,5,5,25,1
1975,14,shadow-ford,6,6,9.5,0
1975,14,team_lotus,7,7,9,0
1975,14,march,8,8,7.5,1
1975,14,williams,9,9,6,0
1975,14,parnelli,10,10,5,0
1975,14,hill,11,11,3,0
1975,14,penske,12,12,2,0
1975,14,ensign,13,13,1,0
1975,14,surtees,,-,0,0
1975,14,brm,,-,0,0
1975,14,fittipaldi,,-,0,0
1975,14,lola,,-,0,0
1975,14,lyncar,,-,0,0
1975,14,shadow-matra,,-,0,0
1975,14,maki,,-,0,0
1976,16,ferrari,1,1,79,6
1976,16,mclaren,2,2,71,6
1976,16,tyrrell,3,3,67,1
1976,16,team_lotus,4,4,29,1
1976,16,penske,5,5,20,1
1976,16,ligier,6,6,20,0
1976,16,march,7,7,19,1
1976,16,shadow,8,8,10,0
1976,16,brabham-alfa_romeo,9,9,9,0
1976,16,surtees,10,10,7,0
1976,16,fittipaldi,11,11,3,0
1976,16,ensign,12,12,2,0
1976,16,parnelli,13,13,1,0
1976,16,hesketh,,-,0,0
1976,16,wolf,,-,0,0
1976,16,boro,,-,0,0
1976,16,williams,,-,0,0
1976,16,kojima,,-,0,0
1976,16,brabham-ford,,-,0,0
1976,16,brm,,-,0,0
1977,17,ferrari,1,1,84,4
1977,17,team_lotus,2,2,62,5
1977,17,mclaren,3,3,56,3
1977,17,wolf,4,4,55,3
1977,17,brabham,5,5,27,0
1977,17,tyrrell,6,6,27,0
1977,17,shadow,7,7,23,1
1977,17,ligier,8,8,18,1
1977,17,fittipaldi,9,9,11,0
1977,17,ensign,10,10,10,0
1977,17,surtees,11,11,6,0
1977,17,penske,12,12,1,0
1977,17,march,,-,0,0
1977,17,hesketh,,-,0,0
1977,17,kojima,,-,0,0
1977,17,lec,,-,0,0
1977,17,brm,,-,0,0
1977,17,boro,,-,0,0
1977,17,renault,,-,0,0
1978,16,team_lotus,1,1,86,8
1978,16,ferrari,2,2,58,5
1978,16,brabham,3,3,53,2
1978,16,tyrrell,4,4,38,1
1978,16,wolf,5,5,24,0
1978,16,ligier,6,6,19,0
1978,16,fittipaldi,7,7,17,0
1978,16,mclaren,8,8,15,0
1978,16,williams,9,9,11,0
1978,16,arrows,10,10,11,0
1978,16,shadow,11,11,6,0
1978,16,renault,12,12,3,0
1978,16,surtees,13,13,1,0
1978,16,ensign,14,14,1,0
1978,16,ats,,-,0,0
1978,16,martini,,-,0,0
1978,16,merzario,,-,0,0
1978,16,theodore,,-,0,0
1978,16,hesketh,,-,0,0
1979,15,ferrari,1,1,113,6
1979,15,williams,2,2,75,5
1979,15,ligier,3,3,61,3
1979,15,team_lotus,4,4,39,0
1979,15,tyrrell,5,5,28,0
1979,15,renault,6,6,26,1
1979,15,mclaren,7,7,15,0
1979,15,brabham-alfa_romeo,8,8,7,0
1979,15,arrows,9,9,5,0
1979,15,shadow,10,10,3,0
1979,15,ats,11,11,2,0
1979,15,fittipaldi,12,12,1,0
1979,15,brabham-ford,,-,0,0
1979,15,wolf,,-,0,0
1979,15,ensign,,-,0,0
1979,15,alfa,,-,0,0
1979,15,rebaque,,-,0,0
1979,15,merzario,,-,0,0
1980,14,williams,1,1,120,6
1980,14,ligier,2,2,66,2
1980,14,brabham,3,3,55,3
1980,14,renault,4,4,38,3
1980,14,team_lotus,5,5,14,0
1980,14,tyrrell,6,6,12,0
1980,14,arrows,7,7,11,0
1980,14,fittipaldi,8,8,11,0
1980,14,mclaren,9,9,11,0
1980,14,ferrari,10,10,8,0
1980,14,alfa,11,11,4,0
1980,14,ats,,-,0,0
1980,14,ensign,,-,0,0
1980,14,osella,,-,0,0
1980,14,shadow,,-,0,0
1981,15,williams,1,1,95,4
1981,15,brabham,2,2,61,3
1981,15,renault,3,3,54,3
1981,15,ligier,4,4,44,2
1981,15,ferrari,5,5,34,2
1981,15,mclaren,6,6,28,1
1981,15,team_lotus,7,7,22,0
1981,15,arrows,8,8,10,0
1981,15,alfa,9,9,10,0
1981,15,tyrrell,10,10,10,0
1981,15,ensign,11,11,5,0
1981,15,theodore,12,12,1,0
1981,15,ats,13,13,1,0
1981,15,march,,-,0,0
1981,15,fittipaldi,,-,0,0
1981,15,osella,,-,0,0
1981,15,toleman,,-,0,0
1982,16,ferrari,1,1,74,3
1982,16,mclaren,2,2,69,4
1982,16,renault,3,3,62,4
1982,16,williams,4,4,58,1
1982,16,brabham,5,5,41,2
1982,16,team_lotus,6,6,30,1
1982,16,tyrrell,7,7,25,1
1982,16,ligier,8,8,20,0
1982,16,alfa,9,9,7,0
1982,16,arrows,10,10,5,0
1982,16,ats,11,11,4,0
1982,16,osella,12,12,3,0
1982,16,fittipaldi,13,13,1,0
1982,16,march,,-,0,0
1982,16,ensign,,-,0,0
1982,16,toleman,,-,0,0
1982,16,theodore,,-,0,0
1983,15,ferrari,1,1,89,4
1983,15,renault,2,2,79,4
1983,15,brabham,3,3,72,4
1983,15,williams,4,4,38,1
1983,15,mclaren,5,5,34,1
1983,15,alfa,6,6,18,0
1983,15,tyrrell,7,7,12,1
1983,15,team_lotus,8,8,12,0
1983,15,toleman,9,9,10,0
1983,15,arrows,10,10,4,0
1983,15,theodore,11,11,1,0
1983,15,ligier,,-,0,0
1983,15,spirit,,-,0,0
1983,15,ats,,-,0,0
1983,15,osella,,-,0,0
1983,15,ram,,-,0,0
1984,16,mclaren,1,1,143.5,12
1984,16,ferrari,2,2,57.5,1
1984,16,team_lotus,3,3,47,0
1984,16,brabham,4,4,38,2
1984,16,renault,5,5,34,0
1984,16,williams,6,6,25.5,1
1984,16,toleman,7,7,16,0
1984,16,alfa,8,8,11,0
1984,16,arrows,9,9,6,0
1984,16,ligier,10,10,3,0
1984,16,osella,11,11,2,0
1984,16,ats,,-,0,0
1984,16,spirit,,-,0,0
1984,16,ram,,-,0,0
1984,16,tyrrell,,-,0,0
1985,16,mclaren,1,1,90,6
1985,16,ferrari,2,2,82,2
1985,16,williams,3,3,71,4
1985,16,team_lotus,4,4,71,3
1985,16,brabham,5,5,26,1
1985,16,ligier,6,6,23,0
1985,16,renault,7,7,16,0
1985,16,arrows,8,8,14,0
1985,16,tyrrell,9,9,7,0
1985,16,osella,,-,0,0
1985,16,minardi,,-,0,0
1985,16,alfa,,-,0,0
1985,16,ram,,-,0,0
1985,16,zakspeed,,-,0,0
1985,16,toleman,,-,0,0
1985,16,spirit,,-,0,0
1985,16,lola,,-,0,0
1986,16,williams,1,1,141,9
1986,16,mclaren,2,2,96,4
1986,16,team_lotus,3,3,58,2
1986,16,ferrari,4,4,37,0
1986,16,ligier,5,5,29,0
1986,16,benetton,6,6,19,1
1986,16,tyrrell,7,7,11,0
1986,16,lola,8,8,6,0
1986,16,brabham,9,9,2,0
1986,16,arrows,10,10,1,0
1986,16,zakspeed,,-,0,0
1986,16,minardi,,-,0,0
1986,16,osella,,-,0,0
1986,16,ags,,-,0,0
1987,16,williams,1,1,137,9
1987,16,mclaren,2,2,76,3
1987,16,team_lotus,3,3,64,2
1987,16,ferrari,4,4,53,2
1987,16,benetton,5,5,28,0
1987,16,tyrrell,6,6,11,0
1987,16,arrows,7,7,11,0
1987,16,brabham,8,8,10,0
1987,16,larrousse,9,9,3,0
1987,16,zakspeed,10,10,2,0
1987,16,ligier,11,11,1,0
1987,16,ags,12,12,1,0
1987,16,march,13,13,1,0
1987,16,minardi,,-,0,0
1987,16,osella,,-,0,0
1987,16,coloni,,-,0,0
1988,16,mclaren,1,1,199,15
1988,16,ferrari,2,2,65,1
1988,16,benetton,3,3,39,0
1988,16,team_lotus,4,4,23,0
1988,16,arrows,5,5,23,0
1988,16,march,6,6,22,0
1988,16,williams,7,7,20,0
1988,16,tyrrell,8,8,5,0
1988,16,rial,9,9,3,0
1988,16,minardi,10,10,1,0
1988,16,larrousse,,-,0,0
1988,16,dallara,,-,0,0
1988,16,ags,,-,0,0
1988,16,coloni,,-,0,0
1988,16,ligier,,-,0,0
1988,16,osella,,-,0,0
1988,16,eurobrun,,-,0,0
1988,16,zakspeed,,-,0,0
1989,16,mclaren,1,1,141,10
1989,16,williams,2,2,77,2
1989,16,ferrari,3,3,59,3
1989,16,benetton,4,4,39,1
1989,16,tyrrell,5,5,16,0
1989,16,team_lotus,6,6,15,0
1989,16,arrows,7,7,13,0
1989,16,dallara,8,8,8,0
1989,16,brabham,9,9,8,0
1989,16,onyx,10,10,6,0
1989,16,minardi,11,11,6,0
1989,16,march,12,12,4,0
1989,16,rial,13,13,3,0
1989,16,ligier,14,14,3,0
1989,16,ags,15,15,1,0
1989,16,larrousse,16,16,1,0
1989,16,osella,,-,0,0
1989,16,coloni,,-,0,0
1989,16,zakspeed,,-,0,0
1990,16,mclaren,1,1,121,6
1990,16,ferrari,2,2,110,6
1990,16,benetton,3,3,71,2
1990,16,williams,4,4,57,2
1990,16,tyrrell,5,5,16,0
1990,16,larrousse,6,6,11,0
1990,16,leyton,7,7,7,0
1990,16,team_lotus,8,8,3,0
1990,16,arrows,9,9,2,0
1990,16,brabham,10,10,2,0
1990,16,ligier,,-,0,0
1990,16,minardi,,-,0,0
1990,16,onyx,,-,0,0
1990,16,ags,,-,0,0
1990,16,dallara,,-,0,0
1990,16,osella,,-,0,0
1990,16,eurobrun,,-,0,0
1991,16,mclaren,1,1,139,8
1991,16,williams,2,2,125,7
1991,16,ferrari,3,3,55.5,0
1991,16,benetton,4,4,38.5,1
1991,16,jordan,5,5,13,0
1991,16,tyrrell,6,6,12,0
1991,16,minardi,7,7,6,0
1991,16,dallara,8,8,5,0
1991,16,team_lotus,9,9,3,0
1991,16,brabham,10,10,3,0
1991,16,leyton,11,11,1,0
1991,16,lola,12,12,1,0
1991,16,larrousse,13,13,1,0
1991,16,ligier,,-,0,0
1991,16,lambo,,-,0,0
1991,16,ags,,-,0,0
1991,16,fondmetal,,-,0,0
1991,16,footwork,,-,0,0
1992,16,williams,1,1,164,10
1992,16,mclaren,2,2,99,5
1992,16,benetton,3,3,91,1
1992,16,ferrari,4,4,21,0
1992,16,team_lotus,5,5,13,0
1992,16,tyrrell,6,6,8,0
1992,16,footwork,7,7,6,0
1992,16,ligier,8,8,6,0
1992,16,march,9,9,3,0
1992,16,dallara,10,10,2,0
1992,16,jordan,11,11,1,0
1992,16,minardi,12,12,1,0
1992,16,larrousse,13,13,1,0
1992,16,fondmetal,,-,0,0
1992,16,brabham,,-,0,0
1992,16,moda,,-,0,0
1993,16,williams,1,1,168,10
1993,16,mclaren,2,2,84,5
1993,16,benetton,3,3,72,1
1993,16,ferrari,4,4,28,0
1993,16,ligier,5,5,23,0
1993,16,team_lotus,6,6,12,0
1993,16,sauber,7,7,12,0
1993,16,minardi,8,8,7,0
1993,16,footwork,9,9,4,0
1993,16,larrousse,10,10,3,0
1993,16,jordan,11,11,3,0
1993,16,lola,,-,0,0
1993,16,tyrrell,,-,0,0
1994,16,williams,1,1,118,7
1994,16,benetton,2,2,103,8
1994,16,ferrari,3,3,71,1
1994,16,mclaren,4,4,42,0
1994,16,jordan,5,5,28,0
1994,16,ligier,6,6,13,0
1994,16,tyrrell,7,7,13,0
1994,16,sauber,8,8,12,0
1994,16,footwork,9,9,9,0
1994,16,minardi,10,10,5,0
1994,16,larrousse,11,11,2,0
1994,16,team_lotus,,-,0,0
1994,16,simtek,,-,0,0
1994,16,pacific,,-,0,0
1995,17,benetton,1,1,147,11
1995,17,williams,2,2,118,5
1995,17,ferrari,3,3,73,1
1995,17,mclaren,4,4,30,0
1995,17,ligier,5,5,24,0
1995,17,jordan,6,6,21,0
1995,17,sauber,7,7,18,0
1995,17,footwork,8,8,5,0
1995,17,tyrrell,9,9,5,0
1995,17,minardi,10,10,1,0
1995,17,forti,,-,0,0
1995,17,pacific,,-,0,0
1995,17,simtek,,-,0,0
1996,16,williams,1,1,175,12
1996,16,ferrari,2,2,70,3
1996,16,benetton,3,3,68,0
1996,16,mclaren,4,4,49,0
1996,16,jordan,5,5,22,0
1996,16,ligier,6,6,15,1
1996,16,sauber,7,7,11,0
1996,16,tyrrell,8,8,5,0
1996,16,footwork,9,9,1,0
1996,16,minardi,,-,0,0
1996,16,forti,,-,0,0
1997,17,williams,1,1,123,8
1997,17,ferrari,2,2,102,5
1997,17,benetton,3,3,67,1
1997,17,mclaren,4,4,63,3
1997,17,jordan,5,5,33,0
1997,17,prost,6,6,21,0
1997,17,sauber,7,7,16,0
1997,17,arrows,8,8,9,0
1997,17,stewart,9,9,6,0
1997,17,tyrrell,10,10,2,0
1997,17,minardi,,-,0,0
1998,16,mclaren,1,1,156,9
1998,16,ferrari,2,2,133,6
1998,16,williams,3,3,38,0
1998,16,jordan,4,4,34,1
1998,16,benetton,5,5,33,0
1998,16,sauber,6,6,10,0
1998,16,arrows,7,7,6,0
1998,16,stewart,8,8,5,0
1998,16,prost,9,9,1,0
1998,16,minardi,,-,0,0
1998,16,tyrrell,,-,0,0
1999,16,ferrari,1,1,128,6
1999,16,mclaren,2,2,124,7
1999,16,jordan,3,3,61,2
1999,16,stewart,4,4,36,1
1999,16,williams,5,5,35,0
1999,16,benetton,6,6,16,0
1999,16,prost,7,7,9,0
1999,16,sauber,8,8,5,0
1999,16,arrows,9,9,1,0
1999,16,minardi,10,10,1,0
1999,16,bar,,-,0,0
2000,17,ferrari,1,1,170,10
2000,17,mclaren,2,2,162,7
2000,17,williams,3,3,36,0
2000,17,benetton,4,4,20,0
2000,17,bar,5,5,20,0
2000,17,jordan,6,6,17,0
2000,17,arrows,7,7,7,0
2000,17,sauber,8,8,6,0
2000,17,jaguar,9,9,4,0
2000,17,minardi,,-,0,0
2000,17,prost,,-,0,0
2001,17,ferrari,1,1,179,9
2001,17,mclaren,2,2,102,4
2001,17,williams,3,3,80,4
2001,17,sauber,4,4,21,0
2001,17,jordan,5,5,19,0
2001,17,bar,6,6,17,0
2001,17,benetton,7,7,10,0
2001,17,jaguar,8,8,9,0
2001,17,prost,9,9,4,0
2001,17,arrows,10,10,1,0
2001,17,minardi,,-,0,0
2002,17,ferrari,1,1,221,15
2002,17,williams,2,2,92,1
2002,17,mclaren,3,3,65,1
2002,17,renault,4,4,23,0
2002,17,sauber,5,5,11,0
2002,17,jordan,6,6,9,0
2002,17,jaguar,7,7,8,0
2002,17,bar,8,8,7,0
2002,17,minardi,9,9,2,0
2002,17,toyota,10,10,2,0
2002,17,arrows,11,11,2,0
2003,16,ferrari,1,1,158,8
2003,16,williams,2,2,144,4
2003,16,mclaren,3,3,142,2
2003,16,renault,4,4,88,1
2003,16,bar,5,5,26,0
2003,16,sauber,6,6,19,0
2003,16,jaguar,7,7,18,0
2003,16,toyota,8,8,16,0
2003,16,jordan,9,9,13,1
2003,16,minardi,10,10,0,0
2004,18,ferrari,1,1,262,15
2004,18,bar,2,2,119,0
2004,18,renault,3,3,105,1
2004,18,williams,4,4,88,1
2004,18,mclaren,5,5,69,1
2004,18,sauber,6,6,34,0
2004,18,jaguar,7,7,10,0
2004,18,toyota,8,8,9,0
2004,18,jordan,9,9,5,0
2004,18,minardi,10,10,1,0
2005,19,renault,1,1,191,8
2005,19,mclaren,2,2,182,10
2005,19,ferrari,3,3,100,1
2005,19,toyota,4,4,88,0
2005,19,williams,5,5,66,0
2005,19,bar,6,6,38,0
2005,19,red_bull,7,7,34,0
2005,19,sauber,8,8,20,0
2005,19,jordan,9,9,12,0
2005,19,minardi,10,10,7,0
2006,18,renault,1,1,206,8
2006,18,ferrari,2,2,201,9
2006,18,mclaren,3,3,110,0
2006,18,honda,4,4,86,1
2006,18,bmw_sauber,5,5,36,0
2006,18,toyota,6,6,35,0
2006,18,red_bull,7,7,16,0
2006,18,williams,8,8,11,0
2006,18,toro_rosso,9,9,1,0
2006,18,mf1,10,10,0,0
2006,18,super_aguri,11,11,0,0
2006,18,spyker_mf1,12,12,0,0
2007,17,ferrari,1,1,204,9
2007,17,bmw_sauber,2,2,101,0
2007,17,renault,3,3,51,0
2007,17,williams,4,4,33,0
2007,17,red_bull,5,5,24,0
2007,17,toyota,6,6,13,0
2007,17,toro_rosso,7,7,8,0
2007,17,honda,8,8,6,0
2007,17,super_aguri,9,9,4,0
2007,17,spyker,10,10,1,0
2007,17,mclaren,,E,0,8
2008,18,ferrari,1,1,172,8
2008,18,mclaren,2,2,151,6
2008,18,bmw_sauber,3,3,135,1
2008,18,renault,4,4,80,2
2008,18,toyota,5,5,56,0
2008,18,toro_rosso,6,6,39,1
2008,18,red_bull,7,7,29,0
2008,18,williams,8,8,26,0
2008,18,honda,9,9,14,0
2008,18,force_india,10,10,0,0
2008,18,super_aguri,11,11,0,0
2009,17,brawn,1,1,172,8
2009,17,red_bull,2,2,153.5,6
2009,17,mclaren,3,3,71,2
2009,17,ferrari,4,4,70,1
2009,17,toyota,5,5,59.5,0
2009,17,bmw_sauber,6,6,36,0
2009,17,williams,7,7,34.5,0
2009,17,renault,8,8,26,0
2009,17,force_india,9,9,13,0
2009,17,toro_rosso,10,10,8,0
2010,19,red_bull,1,1,498,9
2010,19,mclaren,2,2,454,5
2010,19,ferrari,3,3,396,5
2010,19,mercedes,4,4,214,0
2010,19,renault,5,5,163,0
2010,19,williams,6,6,69,0
2010,19,force_india,7,7,68,0
2010,19,sauber,8,8,44,0
2010,19,toro_rosso,9,9,13,0
2010,19,lotus_racing,10,10,0,0
2010,19,hrt,11,11,0,0
2010,19,virgin,12,12,0,0
2011,19,red_bull,1,1,650,12
2011,19,mclaren,2,2,497,6
2011,19,ferrari,3,3,375,1
2011,19,mercedes,4,4,165,0
2011,19,renault,5,5,73,0
2011,19,force_india,6,6,69,0
2011,19,sauber,7,7,44,0
2011,19,toro_rosso,8,8,41,0
2011,19,williams,9,9,5,0
2011,19,lotus_racing,10,10,0,0
2011,19,hrt,11,11,0,0
2011,19,virgin,12,12,0,0
2012,20,red_bull,1,1,460,7
2012,20,ferrari,2,2,400,3
2012,20,mclaren,3,3,378,7
2012,20,lotus_f1,4,4,303,1
2012,20,mercedes,5,5,142,1
2012,20,sauber,6,6,126,0
2012,20,force_india,7,7,109,0
2012,20,williams,8,8,76,1
2012,20,toro_rosso,9,9,26,0
2012,20,caterham,10,10,0,0
2012,20,marussia,11,11,0,0
2012,20,hrt,12,12,0,0
2013,19,red_bull,1,1,596,13
2013,19,mercedes,2,2,360,3
2013,19,ferrari,3,3,354,2
2013,19,lotus_f1,4,4,315,1
2013,19,mclaren,5,5,122,0
2013,19,force_india,6,6,77,0
2013,19,sauber,7,7,57,0
2013,19,toro_rosso,8,8,33,0
2013,19,williams,9,9,5,0
2013,19,marussia,10,10,0,0
2013,19,caterham,11,11,0,0
2014,19,mercedes,1,1,701,16
2014,19,red_bull,2,2,405,3
2014,19,williams,3,3,320,0
2014,19,ferrari,4,4,216,0
2014,19,mclaren,5,5,181,0
2014,19,force_india,6,6,155,0
2014,19,toro_rosso,7,7,30,0
2014,19,lotus_f1,8,8,10,0
2014,19,marussia,9,9,2,0
2014,19,sauber,10,10,0,0
2014,19,caterham,11,11,0,0
2015,19,mercedes,1,1,703,16
2015,19,ferrari,2,2,428,3
2015,19,williams,3,3,257,0
2015,19,red_bull,4,4,187,0
2015,19,force_india,5,5,136,0
2015,19,lotus_f1,6,6,78,0
2015,19,toro_rosso,7,7,67,0
2015,19,sauber,8,8,36,0
2015,19,mclaren,9,9,27,0
2015,19,manor,10,10,0,0
2016,21,mercedes,1,1,765,19
2016,21,red_bull,2,2,468,2
2016,21,ferrari,3,3,398,0
2016,21,force_india,4,4,173,0
2016,21,williams,5,5,138,0
2016,21,mclaren,6,6,76,0
2016,21,toro_rosso,7,7,63,0
2016,21,haas,8,8,29,0
2016,21,renault,9,9,8,0
2016,21,sauber,10,10,2,0
2016,21,manor,11,11,1,0
2017,20,mercedes,1,1,668,12
2017,20,ferrari,2,2,522,5
2017,20,red_bull,3,3,368,3
2017,20,force_india,4,4,187,0
2017,20,williams,5,5,83,0
2017,20,renault,6,6,57,0
2017,20,toro_rosso,7,7,53,0
2017,20,haas,8,8,47,0
2017,20,mclaren,9,9,30,0
2017,20,sauber,10,10,5,0
2018,21,mercedes,1,1,655,11
2018,21,ferrari,2,2,571,6
2018,21,red_bull,3,3,419,4
2018,21,renault,4,4,122,0
2018,21,force_india,5,5,111,0
2018,21,haas,6,6,93,0
2018,21,mclaren,7,7,62,0
2018,21,sauber,8,8,48,0
2018,21,toro_rosso,9,9,33,0
2018,21,williams,10,10,7,0
2019,21,mercedes,1,1,739,15
2019,21,ferrari,2,2,504,3
2019,21,red_bull,3,3,417,3
2019,21,mclaren,4,4,145,0
2019,21,renault,5,5,91,0
2019,21,toro_rosso,6,6,85,0
2019,21,racing_point,7,7,73,0
2019,21,alfa,8,8,57,0
2019,21,haas,9,9,28,0
2019,21,williams,10,10,1,0
2020,17,mercedes,1,1,573,13
2020,17,red_bull,2,2,319,2
2020,17,mclaren,3,3,202,0
2020,17,racing_point,4,4,195,1
2020,17,renault,5,5,181,0
2020,17,ferrari,6,6,131,0
2020,17,alphatauri,7,7,107,1
2020,17,alfa,8,8,8,0
2020,17,haas,9,9,3,0
2020,17,williams,10,10,0,0
2021,22,mercedes,1,1,613.5,9
2021,22,red_bull,2,2,585.5,11
2021,22,ferrari,3,3,323.5,0
2021,22,mclaren,4,4,275,1
2021,22,alpine,5,5,155,1
2021,22,alphatauri,6,6,142,0
2021,22,aston_martin,7,7,77,0
2021,22,williams,8,8,23,0
2021,22,alfa,9,9,13,0
2021,22,haas,10,10,0,0
2022,22,red_bull,1,1,759,17
2022,22,ferrari,2,2,554,4
2022,22,mercedes,3,3,515,1
2022,22,alpine,4,4,173,0
2022,22,mclaren,5,5,159,0
2022,22,alfa,6,6,55,0
2022,22,aston_martin,7,7,55,0
2022,22,haas,8,8,37,0
2022,22,alphatauri,9,9,35,0
2022,22,williams,10,10,8,0
2023,22,red_bull,1,1,860,21
2023,22,mercedes,2,2,409,0
2023,22,ferrari,3,3,406,1
2023,22,mclaren,4,4,302,0
2023,22,aston_martin,5,5,280,0
2023,22,alpine,6,6,120,0
2023,22,williams,7,7,28,0
2023,22,alphatauri,8,8,25,0
2023,22,alfa,9,9,16,0
2023,22,haas,10,10,12,0
2024,24,mclaren,1,1,666,6
2024,24,ferrari,2,2,652,5
2024,24,red_bull,3,3,589,9
2024,24,mercedes,4,4,468,4
2024,24,aston_martin,5,5,94,0
2024,24,alpine,6,6,65,0
2024,24,haas,7,7,58,0
2024,24,rb,8,8,46,0
2024,24,williams,9,9,17,0
2024,24,sauber,10,10,4,0
2025,24,mclaren,1,1,833,14
2025,24,mercedes,2,2,469,2
2025,24,red_bull,3,3,451,8
2025,24,ferrari,4,4,398,0
2025,24,williams,5,5,137,0
2025,24,rb,6,6,92,0
2025,24,aston_martin,7,7,89,0
2025,24,haas,8,8,79,0
2025,24,sauber,9,9,70,0
2025,24,alpine,10,10,22,0
2026,9,mercedes,1,1,333,7
2026,9,ferrari,2,2,255,2
2026,9,mclaren,3,3,179,0
2026,9,red_bull,4,4,128,0
2026,9,alpine,5,5,60,0
2026,9,rb,6,6,59,0
2026,9,haas,7,7,21,0
2026,9,williams,8,8,11,0
2026,9,audi,9,9,6,0
2026,9,aston_martin,10,10,1,0
2026,9,cadillac,11,11,0,0
